route,date,detections
Black Sea Route,2009-01-01,0
Black Sea Route,2009-02-01,1
Black Sea Route,2009-03-01,0
Black Sea Route,2009-04-01,0
Black Sea Route,2009-05-01,0
Black Sea Route,2009-06-01,0
Black Sea Route,2009-07-01,0
Black Sea Route,2009-08-01,0
Black Sea Route,2009-09-01,0
Black Sea Route,2009-10-01,0
Black Sea Route,2009-11-01,0
Black Sea Route,2009-12-01,0
Black Sea Route,2010-01-01,0
Black Sea Route,2010-02-01,0
Black Sea Route,2010-03-01,0
Black Sea Route,2010-04-01,0
Black Sea Route,2010-05-01,0
Black Sea Route,2010-06-01,0
Black Sea Route,2010-07-01,0
Black Sea Route,2010-08-01,0
Black Sea Route,2010-09-01,0
Black Sea Route,2010-10-01,0
Black Sea Route,2010-11-01,0
Black Sea Route,2010-12-01,0
Black Sea Route,2011-01-01,0
Black Sea Route,2011-02-01,0
Black Sea Route,2011-03-01,0
Black Sea Route,2011-04-01,0
Black Sea Route,2011-05-01,0
Black Sea Route,2011-06-01,0
Black Sea Route,2011-07-01,0
Black Sea Route,2011-08-01,0
Black Sea Route,2011-09-01,0
Black Sea Route,2011-10-01,0
Black Sea Route,2011-11-01,0
Black Sea Route,2011-12-01,0
Black Sea Route,2012-01-01,0
Black Sea Route,2012-02-01,0
Black Sea Route,2012-03-01,0
Black Sea Route,2012-04-01,0
Black Sea Route,2012-05-01,0
Black Sea Route,2012-06-01,0
Black Sea Route,2012-07-01,0
Black Sea Route,2012-08-01,1
Black Sea Route,2012-09-01,0
Black Sea Route,2012-10-01,0
Black Sea Route,2012-11-01,0
Black Sea Route,2012-12-01,0
Black Sea Route,2013-01-01,0
Black Sea Route,2013-02-01,0
Black Sea Route,2013-03-01,0
Black Sea Route,2013-04-01,0
Black Sea Route,2013-05-01,0
Black Sea Route,2013-06-01,2
Black Sea Route,2013-07-01,59
Black Sea Route,2013-08-01,0
Black Sea Route,2013-09-01,31
Black Sea Route,2013-10-01,28
Black Sea Route,2013-11-01,0
Black Sea Route,2013-12-01,28
Black Sea Route,2014-01-01,2
Black Sea Route,2014-02-01,9
Black Sea Route,2014-03-01,0
Black Sea Route,2014-04-01,0
Black Sea Route,2014-05-01,32
Black Sea Route,2014-06-01,33
Black Sea Route,2014-07-01,52
Black Sea Route,2014-08-01,63
Black Sea Route,2014-09-01,154
Black Sea Route,2014-10-01,88
Black Sea Route,2014-11-01,0
Black Sea Route,2014-12-01,0
Black Sea Route,2015-01-01,0
Black Sea Route,2015-02-01,0
Black Sea Route,2015-03-01,0
Black Sea Route,2015-04-01,0
Black Sea Route,2015-05-01,0
Black Sea Route,2015-06-01,0
Black Sea Route,2015-07-01,0
Black Sea Route,2015-08-01,0
Black Sea Route,2015-09-01,0
Black Sea Route,2015-10-01,0
Black Sea Route,2015-11-01,0
Black Sea Route,2015-12-01,0
Black Sea Route,2016-01-01,0
Black Sea Route,2016-02-01,0
Black Sea Route,2016-03-01,0
Black Sea Route,2016-04-01,0
Black Sea Route,2016-05-01,0
Black Sea Route,2016-06-01,0
Black Sea Route,2016-07-01,1
Black Sea Route,2016-08-01,0
Black Sea Route,2016-09-01,0
Black Sea Route,2016-10-01,0
Black Sea Route,2016-11-01,0
Black Sea Route,2016-12-01,0
Black Sea Route,2017-01-01,0
Black Sea Route,2017-02-01,0
Black Sea Route,2017-03-01,0
Black Sea Route,2017-04-01,0
Black Sea Route,2017-05-01,0
Black Sea Route,2017-06-01,0
Black Sea Route,2017-07-01,0
Black Sea Route,2017-08-01,137
Black Sea Route,2017-09-01,335
Black Sea Route,2017-10-01,0
Black Sea Route,2017-11-01,65
Black Sea Route,2017-12-01,0
Black Sea Route,2018-01-01,0
Black Sea Route,2018-02-01,0
Black Sea Route,2018-03-01,0
Black Sea Route,2018-04-01,0
Black Sea Route,2018-05-01,0
Black Sea Route,2018-06-01,0
Black Sea Route,2018-07-01,0
Black Sea Route,2018-08-01,0
Black Sea Route,2018-09-01,0
Black Sea Route,2018-10-01,0
Black Sea Route,2018-11-01,0
Black Sea Route,2018-12-01,0
Black Sea Route,2019-01-01,0
Black Sea Route,2019-02-01,0
Black Sea Route,2019-03-01,0
Black Sea Route,2019-04-01,1
Black Sea Route,2019-05-01,0
Black Sea Route,2019-06-01,0
Black Sea Route,2019-07-01,0
Black Sea Route,2019-08-01,0
Black Sea Route,2019-09-01,0
Black Sea Route,2019-10-01,0
Black Sea Route,2019-11-01,0
Black Sea Route,2019-12-01,1
Black Sea Route,2020-01-01,0
Black Sea Route,2020-02-01,0
Black Sea Route,2020-03-01,0
Black Sea Route,2020-04-01,0
Black Sea Route,2020-05-01,0
Black Sea Route,2020-06-01,0
Black Sea Route,2020-07-01,0
Black Sea Route,2020-08-01,0
Black Sea Route,2020-09-01,0
Black Sea Route,2020-10-01,0
Black Sea Route,2020-11-01,0
Black Sea Route,2020-12-01,0
Black Sea Route,2021-01-01,0
Black Sea Route,2021-02-01,0
Black Sea Route,2021-03-01,0
Black Sea Route,2021-04-01,0
Black Sea Route,2021-05-01,0
Black Sea Route,2021-06-01,0
Black Sea Route,2021-07-01,0
Black Sea Route,2021-08-01,0
Black Sea Route,2021-09-01,0
Black Sea Route,2021-10-01,0
Black Sea Route,2021-11-01,0
Black Sea Route,2021-12-01,0
Black Sea Route,2022-01-01,0
Black Sea Route,2022-02-01,0
Black Sea Route,2022-03-01,0
Black Sea Route,2022-04-01,0
Black Sea Route,2022-05-01,27
Black Sea Route,2022-06-01,53
Black Sea Route,2022-07-01,0
Black Sea Route,2022-08-01,78
Black Sea Route,2022-09-01,38
Black Sea Route,2022-10-01,0
Black Sea Route,2022-11-01,17
Black Sea Route,2022-12-01,0
Black Sea Route,2023-01-01,0
Black Sea Route,2023-02-01,0
Black Sea Route,2023-03-01,0
Black Sea Route,2023-04-01,0
Black Sea Route,2023-05-01,40
Black Sea Route,2023-06-01,0
Black Sea Route,2023-07-01,0
Black Sea Route,2023-08-01,1
Black Sea Route,2023-09-01,0
Black Sea Route,2023-10-01,0
Black Sea Route,2023-11-01,0
Black Sea Route,2023-12-01,0
Black Sea Route,2024-01-01,0
Black Sea Route,2024-02-01,0
Black Sea Route,2024-03-01,0
Black Sea Route,2024-04-01,0
Black Sea Route,2024-05-01,0
Black Sea Route,2024-06-01,0
Black Sea Route,2024-07-01,0
Black Sea Route,2024-08-01,0
Black Sea Route,2024-09-01,0
Black Sea Route,2024-10-01,0
Black Sea Route,2024-11-01,0
Black Sea Route,2024-12-01,0
Black Sea Route,2025-01-01,0
Black Sea Route,2025-02-01,0
Black Sea Route,2025-03-01,2
Black Sea Route,2025-04-01,0
Black Sea Route,2025-05-01,0
Black Sea Route,2025-06-01,0
Black Sea Route,2025-07-01,0
Black Sea Route,2025-08-01,0
Black Sea Route,2025-09-01,0
Central Mediterranean Route,2009-01-01,1491
Central Mediterranean Route,2009-02-01,1221
Central Mediterranean Route,2009-03-01,2519
Central Mediterranean Route,2009-04-01,1981
Central Mediterranean Route,2009-05-01,610
Central Mediterranean Route,2009-06-01,107
Central Mediterranean Route,2009-07-01,504
Central Mediterranean Route,2009-08-01,562
Central Mediterranean Route,2009-09-01,583
Central Mediterranean Route,2009-10-01,942
Central Mediterranean Route,2009-11-01,400
Central Mediterranean Route,2009-12-01,123
Central Mediterranean Route,2010-01-01,52
Central Mediterranean Route,2010-02-01,0
Central Mediterranean Route,2010-03-01,95
Central Mediterranean Route,2010-04-01,102
Central Mediterranean Route,2010-05-01,131
Central Mediterranean Route,2010-06-01,358
Central Mediterranean Route,2010-07-01,719
Central Mediterranean Route,2010-08-01,805
Central Mediterranean Route,2010-09-01,652
Central Mediterranean Route,2010-10-01,557
Central Mediterranean Route,2010-11-01,681
Central Mediterranean Route,2010-12-01,298
Central Mediterranean Route,2011-01-01,359
Central Mediterranean Route,2011-02-01,6010
Central Mediterranean Route,2011-03-01,17062
Central Mediterranean Route,2011-04-01,10137
Central Mediterranean Route,2011-05-01,10680
Central Mediterranean Route,2011-06-01,5351
Central Mediterranean Route,2011-07-01,3103
Central Mediterranean Route,2011-08-01,7308
Central Mediterranean Route,2011-09-01,2262
Central Mediterranean Route,2011-10-01,511
Central Mediterranean Route,2011-11-01,707
Central Mediterranean Route,2011-12-01,771
Central Mediterranean Route,2012-01-01,479
Central Mediterranean Route,2012-02-01,235
Central Mediterranean Route,2012-03-01,875
Central Mediterranean Route,2012-04-01,359
Central Mediterranean Route,2012-05-01,1422
Central Mediterranean Route,2012-06-01,1904
Central Mediterranean Route,2012-07-01,1630
Central Mediterranean Route,2012-08-01,2421
Central Mediterranean Route,2012-09-01,1272
Central Mediterranean Route,2012-10-01,1816
Central Mediterranean Route,2012-11-01,2015
Central Mediterranean Route,2012-12-01,723
Central Mediterranean Route,2013-01-01,217
Central Mediterranean Route,2013-02-01,232
Central Mediterranean Route,2013-03-01,1177
Central Mediterranean Route,2013-04-01,1922
Central Mediterranean Route,2013-05-01,1114
Central Mediterranean Route,2013-06-01,3563
Central Mediterranean Route,2013-07-01,6964
Central Mediterranean Route,2013-08-01,7743
Central Mediterranean Route,2013-09-01,9757
Central Mediterranean Route,2013-10-01,8566
Central Mediterranean Route,2013-11-01,1362
Central Mediterranean Route,2013-12-01,2681
Central Mediterranean Route,2014-01-01,2171
Central Mediterranean Route,2014-02-01,3335
Central Mediterranean Route,2014-03-01,5550
Central Mediterranean Route,2014-04-01,15679
Central Mediterranean Route,2014-05-01,14597
Central Mediterranean Route,2014-06-01,22778
Central Mediterranean Route,2014-07-01,24107
Central Mediterranean Route,2014-08-01,25031
Central Mediterranean Route,2014-09-01,26125
Central Mediterranean Route,2014-10-01,15264
Central Mediterranean Route,2014-11-01,9295
Central Mediterranean Route,2014-12-01,6732
Central Mediterranean Route,2015-01-01,3615
Central Mediterranean Route,2015-02-01,4354
Central Mediterranean Route,2015-03-01,2283
Central Mediterranean Route,2015-04-01,16061
Central Mediterranean Route,2015-05-01,21229
Central Mediterranean Route,2015-06-01,22886
Central Mediterranean Route,2015-07-01,23205
Central Mediterranean Route,2015-08-01,22612
Central Mediterranean Route,2015-09-01,15929
Central Mediterranean Route,2015-10-01,8916
Central Mediterranean Route,2015-11-01,3219
Central Mediterranean Route,2015-12-01,9637
Central Mediterranean Route,2016-01-01,5273
Central Mediterranean Route,2016-02-01,3828
Central Mediterranean Route,2016-03-01,9675
Central Mediterranean Route,2016-04-01,9149
Central Mediterranean Route,2016-05-01,19957
Central Mediterranean Route,2016-06-01,22344
Central Mediterranean Route,2016-07-01,23498
Central Mediterranean Route,2016-08-01,21294
Central Mediterranean Route,2016-09-01,16979
Central Mediterranean Route,2016-10-01,27390
Central Mediterranean Route,2016-11-01,13554
Central Mediterranean Route,2016-12-01,8435
Central Mediterranean Route,2017-01-01,4470
Central Mediterranean Route,2017-02-01,8882
Central Mediterranean Route,2017-03-01,10853
Central Mediterranean Route,2017-04-01,12870
Central Mediterranean Route,2017-05-01,22997
Central Mediterranean Route,2017-06-01,23461
Central Mediterranean Route,2017-07-01,11460
Central Mediterranean Route,2017-08-01,3914
Central Mediterranean Route,2017-09-01,6266
Central Mediterranean Route,2017-10-01,5923
Central Mediterranean Route,2017-11-01,5583
Central Mediterranean Route,2017-12-01,2283
Central Mediterranean Route,2018-01-01,4150
Central Mediterranean Route,2018-02-01,1065
Central Mediterranean Route,2018-03-01,977
Central Mediterranean Route,2018-04-01,3083
Central Mediterranean Route,2018-05-01,3794
Central Mediterranean Route,2018-06-01,3244
Central Mediterranean Route,2018-07-01,1811
Central Mediterranean Route,2018-08-01,1822
Central Mediterranean Route,2018-09-01,852
Central Mediterranean Route,2018-10-01,1040
Central Mediterranean Route,2018-11-01,1091
Central Mediterranean Route,2018-12-01,556
Central Mediterranean Route,2019-01-01,199
Central Mediterranean Route,2019-02-01,60
Central Mediterranean Route,2019-03-01,414
Central Mediterranean Route,2019-04-01,271
Central Mediterranean Route,2019-05-01,1143
Central Mediterranean Route,2019-06-01,1785
Central Mediterranean Route,2019-07-01,1276
Central Mediterranean Route,2019-08-01,1883
Central Mediterranean Route,2019-09-01,2793
Central Mediterranean Route,2019-10-01,2185
Central Mediterranean Route,2019-11-01,1411
Central Mediterranean Route,2019-12-01,583
Central Mediterranean Route,2020-01-01,1774
Central Mediterranean Route,2020-02-01,1649
Central Mediterranean Route,2020-03-01,375
Central Mediterranean Route,2020-04-01,723
Central Mediterranean Route,2020-05-01,1740
Central Mediterranean Route,2020-06-01,2228
Central Mediterranean Route,2020-07-01,7232
Central Mediterranean Route,2020-08-01,5442
Central Mediterranean Route,2020-09-01,4262
Central Mediterranean Route,2020-10-01,3374
Central Mediterranean Route,2020-11-01,5348
Central Mediterranean Route,2020-12-01,1526
Central Mediterranean Route,2021-01-01,1039
Central Mediterranean Route,2021-02-01,4059
Central Mediterranean Route,2021-03-01,2385
Central Mediterranean Route,2021-04-01,1479
Central Mediterranean Route,2021-05-01,5703
Central Mediterranean Route,2021-06-01,5855
Central Mediterranean Route,2021-07-01,8727
Central Mediterranean Route,2021-08-01,10123
Central Mediterranean Route,2021-09-01,6877
Central Mediterranean Route,2021-10-01,7220
Central Mediterranean Route,2021-11-01,9589
Central Mediterranean Route,2021-12-01,4668
Central Mediterranean Route,2022-01-01,3035
Central Mediterranean Route,2022-02-01,2439
Central Mediterranean Route,2022-03-01,1358
Central Mediterranean Route,2022-04-01,3930
Central Mediterranean Route,2022-05-01,8751
Central Mediterranean Route,2022-06-01,8148
Central Mediterranean Route,2022-07-01,13803
Central Mediterranean Route,2022-08-01,16896
Central Mediterranean Route,2022-09-01,13710
Central Mediterranean Route,2022-10-01,13523
Central Mediterranean Route,2022-11-01,9177
Central Mediterranean Route,2022-12-01,10791
Central Mediterranean Route,2023-01-01,4963
Central Mediterranean Route,2023-02-01,9466
Central Mediterranean Route,2023-03-01,13267
Central Mediterranean Route,2023-04-01,14597
Central Mediterranean Route,2023-05-01,8154
Central Mediterranean Route,2023-06-01,15213
Central Mediterranean Route,2023-07-01,23456
Central Mediterranean Route,2023-08-01,25756
Central Mediterranean Route,2023-09-01,19209
Central Mediterranean Route,2023-10-01,10321
Central Mediterranean Route,2023-11-01,8335
Central Mediterranean Route,2023-12-01,5289
Central Mediterranean Route,2024-01-01,2293
Central Mediterranean Route,2024-02-01,2333
Central Mediterranean Route,2024-03-01,6858
Central Mediterranean Route,2024-04-01,4721
Central Mediterranean Route,2024-05-01,4976
Central Mediterranean Route,2024-06-01,4902
Central Mediterranean Route,2024-07-01,7493
Central Mediterranean Route,2024-08-01,8527
Central Mediterranean Route,2024-09-01,7691
Central Mediterranean Route,2024-10-01,5774
Central Mediterranean Route,2024-11-01,8124
Central Mediterranean Route,2024-12-01,3163
Central Mediterranean Route,2025-01-01,3506
Central Mediterranean Route,2025-02-01,3329
Central Mediterranean Route,2025-03-01,2407
Central Mediterranean Route,2025-04-01,6578
Central Mediterranean Route,2025-05-01,7199
Central Mediterranean Route,2025-06-01,7149
Central Mediterranean Route,2025-07-01,6488
Central Mediterranean Route,2025-08-01,6148
Central Mediterranean Route,2025-09-01,8350
Circular Route from Albania to Greece,2009-01-01,1521
Circular Route from Albania to Greece,2009-02-01,1884
Circular Route from Albania to Greece,2009-03-01,2368
Circular Route from Albania to Greece,2009-04-01,4207
Circular Route from Albania to Greece,2009-05-01,5512
Circular Route from Albania to Greece,2009-06-01,3701
Circular Route from Albania to Greece,2009-07-01,3590
Circular Route from Albania to Greece,2009-08-01,3245
Circular Route from Albania to Greece,2009-09-01,5535
Circular Route from Albania to Greece,2009-10-01,4694
Circular Route from Albania to Greece,2009-11-01,2861
Circular Route from Albania to Greece,2009-12-01,1132
Circular Route from Albania to Greece,2010-01-01,1981
Circular Route from Albania to Greece,2010-02-01,1484
Circular Route from Albania to Greece,2010-03-01,2754
Circular Route from Albania to Greece,2010-04-01,4803
Circular Route from Albania to Greece,2010-05-01,4443
Circular Route from Albania to Greece,2010-06-01,3256
Circular Route from Albania to Greece,2010-07-01,2672
Circular Route from Albania to Greece,2010-08-01,2655
Circular Route from Albania to Greece,2010-09-01,4333
Circular Route from Albania to Greece,2010-10-01,3934
Circular Route from Albania to Greece,2010-11-01,2067
Circular Route from Albania to Greece,2010-12-01,915
Circular Route from Albania to Greece,2011-01-01,415
Circular Route from Albania to Greece,2011-02-01,330
Circular Route from Albania to Greece,2011-03-01,292
Circular Route from Albania to Greece,2011-04-01,347
Circular Route from Albania to Greece,2011-05-01,365
Circular Route from Albania to Greece,2011-06-01,458
Circular Route from Albania to Greece,2011-07-01,499
Circular Route from Albania to Greece,2011-08-01,456
Circular Route from Albania to Greece,2011-09-01,475
Circular Route from Albania to Greece,2011-10-01,588
Circular Route from Albania to Greece,2011-11-01,600
Circular Route from Albania to Greece,2011-12-01,444
Circular Route from Albania to Greece,2012-01-01,364
Circular Route from Albania to Greece,2012-02-01,308
Circular Route from Albania to Greece,2012-03-01,519
Circular Route from Albania to Greece,2012-04-01,563
Circular Route from Albania to Greece,2012-05-01,677
Circular Route from Albania to Greece,2012-06-01,511
Circular Route from Albania to Greece,2012-07-01,612
Circular Route from Albania to Greece,2012-08-01,229
Circular Route from Albania to Greece,2012-09-01,362
Circular Route from Albania to Greece,2012-10-01,481
Circular Route from Albania to Greece,2012-11-01,526
Circular Route from Albania to Greece,2012-12-01,350
Circular Route from Albania to Greece,2013-01-01,358
Circular Route from Albania to Greece,2013-02-01,293
Circular Route from Albania to Greece,2013-03-01,523
Circular Route from Albania to Greece,2013-04-01,961
Circular Route from Albania to Greece,2013-05-01,1262
Circular Route from Albania to Greece,2013-06-01,790
Circular Route from Albania to Greece,2013-07-01,685
Circular Route from Albania to Greece,2013-08-01,564
Circular Route from Albania to Greece,2013-09-01,777
Circular Route from Albania to Greece,2013-10-01,1043
Circular Route from Albania to Greece,2013-11-01,1022
Circular Route from Albania to Greece,2013-12-01,450
Circular Route from Albania to Greece,2014-01-01,445
Circular Route from Albania to Greece,2014-02-01,383
Circular Route from Albania to Greece,2014-03-01,545
Circular Route from Albania to Greece,2014-04-01,647
Circular Route from Albania to Greece,2014-05-01,769
Circular Route from Albania to Greece,2014-06-01,726
Circular Route from Albania to Greece,2014-07-01,688
Circular Route from Albania to Greece,2014-08-01,659
Circular Route from Albania to Greece,2014-09-01,895
Circular Route from Albania to Greece,2014-10-01,1356
Circular Route from Albania to Greece,2014-11-01,1223
Circular Route from Albania to Greece,2014-12-01,505
Circular Route from Albania to Greece,2015-01-01,617
Circular Route from Albania to Greece,2015-02-01,552
Circular Route from Albania to Greece,2015-03-01,738
Circular Route from Albania to Greece,2015-04-01,939
Circular Route from Albania to Greece,2015-05-01,1190
Circular Route from Albania to Greece,2015-06-01,598
Circular Route from Albania to Greece,2015-07-01,516
Circular Route from Albania to Greece,2015-08-01,693
Circular Route from Albania to Greece,2015-09-01,973
Circular Route from Albania to Greece,2015-10-01,1050
Circular Route from Albania to Greece,2015-11-01,779
Circular Route from Albania to Greece,2015-12-01,287
Circular Route from Albania to Greece,2016-01-01,412
Circular Route from Albania to Greece,2016-02-01,419
Circular Route from Albania to Greece,2016-03-01,519
Circular Route from Albania to Greece,2016-04-01,571
Circular Route from Albania to Greece,2016-05-01,480
Circular Route from Albania to Greece,2016-06-01,351
Circular Route from Albania to Greece,2016-07-01,140
Circular Route from Albania to Greece,2016-08-01,417
Circular Route from Albania to Greece,2016-09-01,554
Circular Route from Albania to Greece,2016-10-01,667
Circular Route from Albania to Greece,2016-11-01,389
Circular Route from Albania to Greece,2016-12-01,202
Circular Route from Albania to Greece,2017-01-01,304
Circular Route from Albania to Greece,2017-02-01,563
Circular Route from Albania to Greece,2017-03-01,672
Circular Route from Albania to Greece,2017-04-01,637
Circular Route from Albania to Greece,2017-05-01,547
Circular Route from Albania to Greece,2017-06-01,473
Circular Route from Albania to Greece,2017-07-01,398
Circular Route from Albania to Greece,2017-08-01,583
Circular Route from Albania to Greece,2017-09-01,677
Circular Route from Albania to Greece,2017-10-01,842
Circular Route from Albania to Greece,2017-11-01,477
Circular Route from Albania to Greece,2017-12-01,223
Circular Route from Albania to Greece,2018-01-01,344
Circular Route from Albania to Greece,2018-02-01,340
Circular Route from Albania to Greece,2018-03-01,385
Circular Route from Albania to Greece,2018-04-01,569
Circular Route from Albania to Greece,2018-05-01,538
Circular Route from Albania to Greece,2018-06-01,380
Circular Route from Albania to Greece,2018-07-01,314
Circular Route from Albania to Greece,2018-08-01,372
Circular Route from Albania to Greece,2018-09-01,430
Circular Route from Albania to Greece,2018-10-01,501
Circular Route from Albania to Greece,2018-11-01,154
Circular Route from Albania to Greece,2018-12-01,223
Circular Route from Albania to Greece,2019-01-01,100
Circular Route from Albania to Greece,2019-02-01,149
Circular Route from Albania to Greece,2019-03-01,174
Circular Route from Albania to Greece,2019-04-01,258
Circular Route from Albania to Greece,2019-05-01,211
Circular Route from Albania to Greece,2019-06-01,148
Circular Route from Albania to Greece,2019-07-01,133
Circular Route from Albania to Greece,2019-08-01,174
Circular Route from Albania to Greece,2019-09-01,163
Circular Route from Albania to Greece,2019-10-01,222
Circular Route from Albania to Greece,2019-11-01,125
Circular Route from Albania to Greece,2019-12-01,87
Circular Route from Albania to Greece,2020-01-01,95
Circular Route from Albania to Greece,2020-02-01,112
Circular Route from Albania to Greece,2020-03-01,59
Circular Route from Albania to Greece,2020-04-01,16
Circular Route from Albania to Greece,2020-05-01,52
Circular Route from Albania to Greece,2020-06-01,120
Circular Route from Albania to Greece,2020-07-01,156
Circular Route from Albania to Greece,2020-08-01,141
Circular Route from Albania to Greece,2020-09-01,166
Circular Route from Albania to Greece,2020-10-01,251
Circular Route from Albania to Greece,2020-11-01,123
Circular Route from Albania to Greece,2020-12-01,74
Circular Route from Albania to Greece,2021-01-01,36
Circular Route from Albania to Greece,2021-02-01,82
Circular Route from Albania to Greece,2021-03-01,86
Circular Route from Albania to Greece,2021-04-01,89
Circular Route from Albania to Greece,2021-05-01,164
Circular Route from Albania to Greece,2021-06-01,138
Circular Route from Albania to Greece,2021-07-01,115
Circular Route from Albania to Greece,2021-08-01,101
Circular Route from Albania to Greece,2021-09-01,137
Circular Route from Albania to Greece,2021-10-01,53
Circular Route from Albania to Greece,2021-11-01,61
Circular Route from Albania to Greece,2021-12-01,30
Circular Route from Albania to Greece,2022-01-01,59
Circular Route from Albania to Greece,2022-02-01,55
Circular Route from Albania to Greece,2022-03-01,72
Circular Route from Albania to Greece,2022-04-01,56
Circular Route from Albania to Greece,2022-05-01,87
Circular Route from Albania to Greece,2022-06-01,64
Circular Route from Albania to Greece,2022-07-01,72
Circular Route from Albania to Greece,2022-08-01,61
Circular Route from Albania to Greece,2022-09-01,55
Circular Route from Albania to Greece,2022-10-01,45
Circular Route from Albania to Greece,2022-11-01,46
Circular Route from Albania to Greece,2022-12-01,24
Circular Route from Albania to Greece,2023-01-01,55
Circular Route from Albania to Greece,2023-02-01,47
Circular Route from Albania to Greece,2023-03-01,76
Circular Route from Albania to Greece,2023-04-01,62
Circular Route from Albania to Greece,2023-05-01,89
Circular Route from Albania to Greece,2023-06-01,46
Circular Route from Albania to Greece,2023-07-01,44
Circular Route from Albania to Greece,2023-08-01,44
Circular Route from Albania to Greece,2023-09-01,77
Circular Route from Albania to Greece,2023-10-01,26
Circular Route from Albania to Greece,2023-11-01,48
Circular Route from Albania to Greece,2023-12-01,37
Circular Route from Albania to Greece,2024-01-01,79
Circular Route from Albania to Greece,2024-02-01,37
Circular Route from Albania to Greece,2024-03-01,67
Circular Route from Albania to Greece,2024-04-01,74
Circular Route from Albania to Greece,2024-05-01,49
Circular Route from Albania to Greece,2024-06-01,39
Circular Route from Albania to Greece,2024-07-01,35
Circular Route from Albania to Greece,2024-08-01,27
Circular Route from Albania to Greece,2024-09-01,20
Circular Route from Albania to Greece,2024-10-01,48
Circular Route from Albania to Greece,2024-11-01,17
Circular Route from Albania to Greece,2024-12-01,56
Circular Route from Albania to Greece,2025-01-01,27
Circular Route from Albania to Greece,2025-02-01,25
Circular Route from Albania to Greece,2025-03-01,52
Circular Route from Albania to Greece,2025-04-01,50
Circular Route from Albania to Greece,2025-05-01,31
Circular Route from Albania to Greece,2025-06-01,15
Circular Route from Albania to Greece,2025-07-01,57
Circular Route from Albania to Greece,2025-08-01,30
Circular Route from Albania to Greece,2025-09-01,26
Eastern Borders Route,2009-01-01,93
Eastern Borders Route,2009-02-01,82
Eastern Borders Route,2009-03-01,133
Eastern Borders Route,2009-04-01,112
Eastern Borders Route,2009-05-01,115
Eastern Borders Route,2009-06-01,150
Eastern Borders Route,2009-07-01,107
Eastern Borders Route,2009-08-01,135
Eastern Borders Route,2009-09-01,134
Eastern Borders Route,2009-10-01,106
Eastern Borders Route,2009-11-01,93
Eastern Borders Route,2009-12-01,75
Eastern Borders Route,2010-01-01,25
Eastern Borders Route,2010-02-01,48
Eastern Borders Route,2010-03-01,51
Eastern Borders Route,2010-04-01,106
Eastern Borders Route,2010-05-01,131
Eastern Borders Route,2010-06-01,112
Eastern Borders Route,2010-07-01,86
Eastern Borders Route,2010-08-01,150
Eastern Borders Route,2010-09-01,123
Eastern Borders Route,2010-10-01,101
Eastern Borders Route,2010-11-01,82
Eastern Borders Route,2010-12-01,37
Eastern Borders Route,2011-01-01,36
Eastern Borders Route,2011-02-01,57
Eastern Borders Route,2011-03-01,81
Eastern Borders Route,2011-04-01,82
Eastern Borders Route,2011-05-01,64
Eastern Borders Route,2011-06-01,125
Eastern Borders Route,2011-07-01,94
Eastern Borders Route,2011-08-01,135
Eastern Borders Route,2011-09-01,110
Eastern Borders Route,2011-10-01,101
Eastern Borders Route,2011-11-01,81
Eastern Borders Route,2011-12-01,83
Eastern Borders Route,2012-01-01,28
Eastern Borders Route,2012-02-01,42
Eastern Borders Route,2012-03-01,115
Eastern Borders Route,2012-04-01,175
Eastern Borders Route,2012-05-01,184
Eastern Borders Route,2012-06-01,193
Eastern Borders Route,2012-07-01,135
Eastern Borders Route,2012-08-01,119
Eastern Borders Route,2012-09-01,169
Eastern Borders Route,2012-10-01,183
Eastern Borders Route,2012-11-01,177
Eastern Borders Route,2012-12-01,77
Eastern Borders Route,2013-01-01,56
Eastern Borders Route,2013-02-01,101
Eastern Borders Route,2013-03-01,63
Eastern Borders Route,2013-04-01,111
Eastern Borders Route,2013-05-01,115
Eastern Borders Route,2013-06-01,118
Eastern Borders Route,2013-07-01,165
Eastern Borders Route,2013-08-01,191
Eastern Borders Route,2013-09-01,113
Eastern Borders Route,2013-10-01,163
Eastern Borders Route,2013-11-01,63
Eastern Borders Route,2013-12-01,57
Eastern Borders Route,2014-01-01,56
Eastern Borders Route,2014-02-01,43
Eastern Borders Route,2014-03-01,90
Eastern Borders Route,2014-04-01,52
Eastern Borders Route,2014-05-01,80
Eastern Borders Route,2014-06-01,90
Eastern Borders Route,2014-07-01,143
Eastern Borders Route,2014-08-01,129
Eastern Borders Route,2014-09-01,117
Eastern Borders Route,2014-10-01,182
Eastern Borders Route,2014-11-01,153
Eastern Borders Route,2014-12-01,140
Eastern Borders Route,2015-01-01,54
Eastern Borders Route,2015-02-01,53
Eastern Borders Route,2015-03-01,92
Eastern Borders Route,2015-04-01,122
Eastern Borders Route,2015-05-01,222
Eastern Borders Route,2015-06-01,165
Eastern Borders Route,2015-07-01,222
Eastern Borders Route,2015-08-01,275
Eastern Borders Route,2015-09-01,237
Eastern Borders Route,2015-10-01,217
Eastern Borders Route,2015-11-01,123
Eastern Borders Route,2015-12-01,138
Eastern Borders Route,2016-01-01,52
Eastern Borders Route,2016-02-01,75
Eastern Borders Route,2016-03-01,86
Eastern Borders Route,2016-04-01,94
Eastern Borders Route,2016-05-01,105
Eastern Borders Route,2016-06-01,171
Eastern Borders Route,2016-07-01,146
Eastern Borders Route,2016-08-01,121
Eastern Borders Route,2016-09-01,182
Eastern Borders Route,2016-10-01,161
Eastern Borders Route,2016-11-01,82
Eastern Borders Route,2016-12-01,74
Eastern Borders Route,2017-01-01,33
Eastern Borders Route,2017-02-01,46
Eastern Borders Route,2017-03-01,64
Eastern Borders Route,2017-04-01,39
Eastern Borders Route,2017-05-01,89
Eastern Borders Route,2017-06-01,51
Eastern Borders Route,2017-07-01,66
Eastern Borders Route,2017-08-01,142
Eastern Borders Route,2017-09-01,57
Eastern Borders Route,2017-10-01,92
Eastern Borders Route,2017-11-01,70
Eastern Borders Route,2017-12-01,27
Eastern Borders Route,2018-01-01,60
Eastern Borders Route,2018-02-01,22
Eastern Borders Route,2018-03-01,30
Eastern Borders Route,2018-04-01,46
Eastern Borders Route,2018-05-01,104
Eastern Borders Route,2018-06-01,127
Eastern Borders Route,2018-07-01,192
Eastern Borders Route,2018-08-01,132
Eastern Borders Route,2018-09-01,120
Eastern Borders Route,2018-10-01,76
Eastern Borders Route,2018-11-01,88
Eastern Borders Route,2018-12-01,32
Eastern Borders Route,2019-01-01,47
Eastern Borders Route,2019-02-01,31
Eastern Borders Route,2019-03-01,56
Eastern Borders Route,2019-04-01,55
Eastern Borders Route,2019-05-01,54
Eastern Borders Route,2019-06-01,60
Eastern Borders Route,2019-07-01,102
Eastern Borders Route,2019-08-01,72
Eastern Borders Route,2019-09-01,46
Eastern Borders Route,2019-10-01,58
Eastern Borders Route,2019-11-01,30
Eastern Borders Route,2019-12-01,31
Eastern Borders Route,2020-01-01,37
Eastern Borders Route,2020-02-01,30
Eastern Borders Route,2020-03-01,43
Eastern Borders Route,2020-04-01,5
Eastern Borders Route,2020-05-01,19
Eastern Borders Route,2020-06-01,29
Eastern Borders Route,2020-07-01,65
Eastern Borders Route,2020-08-01,55
Eastern Borders Route,2020-09-01,79
Eastern Borders Route,2020-10-01,102
Eastern Borders Route,2020-11-01,93
Eastern Borders Route,2020-12-01,58
Eastern Borders Route,2021-01-01,31
Eastern Borders Route,2021-02-01,28
Eastern Borders Route,2021-03-01,42
Eastern Borders Route,2021-04-01,147
Eastern Borders Route,2021-05-01,121
Eastern Borders Route,2021-06-01,601
Eastern Borders Route,2021-07-01,3236
Eastern Borders Route,2021-08-01,1953
Eastern Borders Route,2021-09-01,421
Eastern Borders Route,2021-10-01,780
Eastern Borders Route,2021-11-01,559
Eastern Borders Route,2021-12-01,156
Eastern Borders Route,2022-01-01,105
Eastern Borders Route,2022-02-01,235
Eastern Borders Route,2022-03-01,1214
Eastern Borders Route,2022-04-01,385
Eastern Borders Route,2022-05-01,300
Eastern Borders Route,2022-06-01,412
Eastern Borders Route,2022-07-01,671
Eastern Borders Route,2022-08-01,840
Eastern Borders Route,2022-09-01,600
Eastern Borders Route,2022-10-01,577
Eastern Borders Route,2022-11-01,536
Eastern Borders Route,2022-12-01,457
Eastern Borders Route,2023-01-01,718
Eastern Borders Route,2023-02-01,361
Eastern Borders Route,2023-03-01,418
Eastern Borders Route,2023-04-01,393
Eastern Borders Route,2023-05-01,367
Eastern Borders Route,2023-06-01,422
Eastern Borders Route,2023-07-01,532
Eastern Borders Route,2023-08-01,600
Eastern Borders Route,2023-09-01,677
Eastern Borders Route,2023-10-01,630
Eastern Borders Route,2023-11-01,357
Eastern Borders Route,2023-12-01,273
Eastern Borders Route,2024-01-01,387
Eastern Borders Route,2024-02-01,506
Eastern Borders Route,2024-03-01,723
Eastern Borders Route,2024-04-01,1256
Eastern Borders Route,2024-05-01,2529
Eastern Borders Route,2024-06-01,2218
Eastern Borders Route,2024-07-01,2228
Eastern Borders Route,2024-08-01,1739
Eastern Borders Route,2024-09-01,1976
Eastern Borders Route,2024-10-01,1806
Eastern Borders Route,2024-11-01,1178
Eastern Borders Route,2024-12-01,714
Eastern Borders Route,2025-01-01,524
Eastern Borders Route,2025-02-01,477
Eastern Borders Route,2025-03-01,612
Eastern Borders Route,2025-04-01,567
Eastern Borders Route,2025-05-01,844
Eastern Borders Route,2025-06-01,1256
Eastern Borders Route,2025-07-01,1426
Eastern Borders Route,2025-08-01,1806
Eastern Borders Route,2025-09-01,1546
Eastern Mediterranean Route,2009-01-01,2730
Eastern Mediterranean Route,2009-02-01,2228
Eastern Mediterranean Route,2009-03-01,2870
Eastern Mediterranean Route,2009-04-01,3298
Eastern Mediterranean Route,2009-05-01,3750
Eastern Mediterranean Route,2009-06-01,3880
Eastern Mediterranean Route,2009-07-01,3920
Eastern Mediterranean Route,2009-08-01,4272
Eastern Mediterranean Route,2009-09-01,3979
Eastern Mediterranean Route,2009-10-01,3969
Eastern Mediterranean Route,2009-11-01,2430
Eastern Mediterranean Route,2009-12-01,2647
Eastern Mediterranean Route,2010-01-01,2006
Eastern Mediterranean Route,2010-02-01,2177
Eastern Mediterranean Route,2010-03-01,3086
Eastern Mediterranean Route,2010-04-01,3334
Eastern Mediterranean Route,2010-05-01,3943
Eastern Mediterranean Route,2010-06-01,4495
Eastern Mediterranean Route,2010-07-01,5007
Eastern Mediterranean Route,2010-08-01,7116
Eastern Mediterranean Route,2010-09-01,7714
Eastern Mediterranean Route,2010-10-01,8229
Eastern Mediterranean Route,2010-11-01,4852
Eastern Mediterranean Route,2010-12-01,3729
Eastern Mediterranean Route,2011-01-01,2350
Eastern Mediterranean Route,2011-02-01,1861
Eastern Mediterranean Route,2011-03-01,2284
Eastern Mediterranean Route,2011-04-01,3194
Eastern Mediterranean Route,2011-05-01,4013
Eastern Mediterranean Route,2011-06-01,3931
Eastern Mediterranean Route,2011-07-01,5629
Eastern Mediterranean Route,2011-08-01,6556
Eastern Mediterranean Route,2011-09-01,7081
Eastern Mediterranean Route,2011-10-01,9943
Eastern Mediterranean Route,2011-11-01,6208
Eastern Mediterranean Route,2011-12-01,3975
Eastern Mediterranean Route,2012-01-01,3035
Eastern Mediterranean Route,2012-02-01,2411
Eastern Mediterranean Route,2012-03-01,2774
Eastern Mediterranean Route,2012-04-01,4002
Eastern Mediterranean Route,2012-05-01,4969
Eastern Mediterranean Route,2012-06-01,5154
Eastern Mediterranean Route,2012-07-01,7055
Eastern Mediterranean Route,2012-08-01,2897
Eastern Mediterranean Route,2012-09-01,1121
Eastern Mediterranean Route,2012-10-01,1253
Eastern Mediterranean Route,2012-11-01,1350
Eastern Mediterranean Route,2012-12-01,1203
Eastern Mediterranean Route,2013-01-01,712
Eastern Mediterranean Route,2013-02-01,872
Eastern Mediterranean Route,2013-03-01,1149
Eastern Mediterranean Route,2013-04-01,1246
Eastern Mediterranean Route,2013-05-01,1352
Eastern Mediterranean Route,2013-06-01,1934
Eastern Mediterranean Route,2013-07-01,2212
Eastern Mediterranean Route,2013-08-01,2132
Eastern Mediterranean Route,2013-09-01,3794
Eastern Mediterranean Route,2013-10-01,4934
Eastern Mediterranean Route,2013-11-01,2961
Eastern Mediterranean Route,2013-12-01,1500
Eastern Mediterranean Route,2014-01-01,1212
Eastern Mediterranean Route,2014-02-01,1339
Eastern Mediterranean Route,2014-03-01,1644
Eastern Mediterranean Route,2014-04-01,2030
Eastern Mediterranean Route,2014-05-01,2506
Eastern Mediterranean Route,2014-06-01,4231
Eastern Mediterranean Route,2014-07-01,5433
Eastern Mediterranean Route,2014-08-01,8046
Eastern Mediterranean Route,2014-09-01,8860
Eastern Mediterranean Route,2014-10-01,8460
Eastern Mediterranean Route,2014-11-01,4374
Eastern Mediterranean Route,2014-12-01,2699
Eastern Mediterranean Route,2015-01-01,2200
Eastern Mediterranean Route,2015-02-01,3332
Eastern Mediterranean Route,2015-03-01,8620
Eastern Mediterranean Route,2015-04-01,14566
Eastern Mediterranean Route,2015-05-01,20213
Eastern Mediterranean Route,2015-06-01,33399
Eastern Mediterranean Route,2015-07-01,57371
Eastern Mediterranean Route,2015-08-01,112212
Eastern Mediterranean Route,2015-09-01,149563
Eastern Mediterranean Route,2015-10-01,216260
Eastern Mediterranean Route,2015-11-01,155558
Eastern Mediterranean Route,2015-12-01,112092
Eastern Mediterranean Route,2016-01-01,68581
Eastern Mediterranean Route,2016-02-01,58043
Eastern Mediterranean Route,2016-03-01,27343
Eastern Mediterranean Route,2016-04-01,4324
Eastern Mediterranean Route,2016-05-01,2285
Eastern Mediterranean Route,2016-06-01,2195
Eastern Mediterranean Route,2016-07-01,2420
Eastern Mediterranean Route,2016-08-01,4401
Eastern Mediterranean Route,2016-09-01,3679
Eastern Mediterranean Route,2016-10-01,4195
Eastern Mediterranean Route,2016-11-01,2680
Eastern Mediterranean Route,2016-12-01,2131
Eastern Mediterranean Route,2017-01-01,1826
Eastern Mediterranean Route,2017-02-01,1601
Eastern Mediterranean Route,2017-03-01,2631
Eastern Mediterranean Route,2017-04-01,1708
Eastern Mediterranean Route,2017-05-01,2687
Eastern Mediterranean Route,2017-06-01,3011
Eastern Mediterranean Route,2017-07-01,3411
Eastern Mediterranean Route,2017-08-01,4782
Eastern Mediterranean Route,2017-09-01,7136
Eastern Mediterranean Route,2017-10-01,5573
Eastern Mediterranean Route,2017-11-01,4712
Eastern Mediterranean Route,2017-12-01,3241
Eastern Mediterranean Route,2018-01-01,2303
Eastern Mediterranean Route,2018-02-01,1826
Eastern Mediterranean Route,2018-03-01,4053
Eastern Mediterranean Route,2018-04-01,7272
Eastern Mediterranean Route,2018-05-01,5256
Eastern Mediterranean Route,2018-06-01,4813
Eastern Mediterranean Route,2018-07-01,4532
Eastern Mediterranean Route,2018-08-01,4901
Eastern Mediterranean Route,2018-09-01,6466
Eastern Mediterranean Route,2018-10-01,6782
Eastern Mediterranean Route,2018-11-01,3856
Eastern Mediterranean Route,2018-12-01,4500
Eastern Mediterranean Route,2019-01-01,3244
Eastern Mediterranean Route,2019-02-01,2756
Eastern Mediterranean Route,2019-03-01,3806
Eastern Mediterranean Route,2019-04-01,3811
Eastern Mediterranean Route,2019-05-01,3931
Eastern Mediterranean Route,2019-06-01,4886
Eastern Mediterranean Route,2019-07-01,6615
Eastern Mediterranean Route,2019-08-01,9980
Eastern Mediterranean Route,2019-09-01,13140
Eastern Mediterranean Route,2019-10-01,12230
Eastern Mediterranean Route,2019-11-01,10883
Eastern Mediterranean Route,2019-12-01,8051
Eastern Mediterranean Route,2020-01-01,4443
Eastern Mediterranean Route,2020-02-01,3638
Eastern Mediterranean Route,2020-03-01,3238
Eastern Mediterranean Route,2020-04-01,139
Eastern Mediterranean Route,2020-05-01,303
Eastern Mediterranean Route,2020-06-01,681
Eastern Mediterranean Route,2020-07-01,928
Eastern Mediterranean Route,2020-08-01,1250
Eastern Mediterranean Route,2020-09-01,1360
Eastern Mediterranean Route,2020-10-01,1829
Eastern Mediterranean Route,2020-11-01,1589
Eastern Mediterranean Route,2020-12-01,882
Eastern Mediterranean Route,2021-01-01,836
Eastern Mediterranean Route,2021-02-01,793
Eastern Mediterranean Route,2021-03-01,1945
Eastern Mediterranean Route,2021-04-01,2007
Eastern Mediterranean Route,2021-05-01,1652
Eastern Mediterranean Route,2021-06-01,1324
Eastern Mediterranean Route,2021-07-01,1342
Eastern Mediterranean Route,2021-08-01,1950
Eastern Mediterranean Route,2021-09-01,1949
Eastern Mediterranean Route,2021-10-01,3393
Eastern Mediterranean Route,2021-11-01,3141
Eastern Mediterranean Route,2021-12-01,2461
Eastern Mediterranean Route,2022-01-01,1340
Eastern Mediterranean Route,2022-02-01,1748
Eastern Mediterranean Route,2022-03-01,3527
Eastern Mediterranean Route,2022-04-01,3455
Eastern Mediterranean Route,2022-05-01,2598
Eastern Mediterranean Route,2022-06-01,3185
Eastern Mediterranean Route,2022-07-01,2968
Eastern Mediterranean Route,2022-08-01,3924
Eastern Mediterranean Route,2022-09-01,4538
Eastern Mediterranean Route,2022-10-01,3892
Eastern Mediterranean Route,2022-11-01,4551
Eastern Mediterranean Route,2022-12-01,2964
Eastern Mediterranean Route,2023-01-01,2341
Eastern Mediterranean Route,2023-02-01,1882
Eastern Mediterranean Route,2023-03-01,2344
Eastern Mediterranean Route,2023-04-01,1880
Eastern Mediterranean Route,2023-05-01,2295
Eastern Mediterranean Route,2023-06-01,3510
Eastern Mediterranean Route,2023-07-01,4591
Eastern Mediterranean Route,2023-08-01,8048
Eastern Mediterranean Route,2023-09-01,12971
Eastern Mediterranean Route,2023-10-01,8659
Eastern Mediterranean Route,2023-11-01,5917
Eastern Mediterranean Route,2023-12-01,6796
Eastern Mediterranean Route,2024-01-01,4410
Eastern Mediterranean Route,2024-02-01,5355
Eastern Mediterranean Route,2024-03-01,3878
Eastern Mediterranean Route,2024-04-01,3871
Eastern Mediterranean Route,2024-05-01,4662
Eastern Mediterranean Route,2024-06-01,3631
Eastern Mediterranean Route,2024-07-01,5562
Eastern Mediterranean Route,2024-08-01,7478
Eastern Mediterranean Route,2024-09-01,8732
Eastern Mediterranean Route,2024-10-01,9130
Eastern Mediterranean Route,2024-11-01,8200
Eastern Mediterranean Route,2024-12-01,5045
Eastern Mediterranean Route,2025-01-01,3695
Eastern Mediterranean Route,2025-02-01,2855
Eastern Mediterranean Route,2025-03-01,3235
Eastern Mediterranean Route,2025-04-01,2555
Eastern Mediterranean Route,2025-05-01,3560
Eastern Mediterranean Route,2025-06-01,5020
Eastern Mediterranean Route,2025-07-01,7150
Eastern Mediterranean Route,2025-08-01,4105
Eastern Mediterranean Route,2025-09-01,5390
Other,2009-01-01,0
Other,2009-02-01,0
Other,2009-03-01,1
Other,2009-04-01,0
Other,2009-05-01,0
Other,2009-06-01,0
Other,2009-07-01,0
Other,2009-08-01,1
Other,2009-09-01,9
Other,2009-10-01,5
Other,2009-11-01,2
Other,2009-12-01,2
Other,2010-01-01,0
Other,2010-02-01,0
Other,2010-03-01,0
Other,2010-04-01,1
Other,2010-05-01,0
Other,2010-06-01,0
Other,2010-07-01,0
Other,2010-08-01,0
Other,2010-09-01,2
Other,2010-10-01,0
Other,2010-11-01,0
Other,2010-12-01,0
Other,2011-01-01,0
Other,2011-02-01,0
Other,2011-03-01,1
Other,2011-04-01,0
Other,2011-05-01,0
Other,2011-06-01,0
Other,2011-07-01,0
Other,2011-08-01,0
Other,2011-09-01,0
Other,2011-10-01,0
Other,2011-11-01,0
Other,2011-12-01,0
Other,2012-01-01,0
Other,2012-02-01,0
Other,2012-03-01,0
Other,2012-04-01,0
Other,2012-05-01,0
Other,2012-06-01,0
Other,2012-07-01,0
Other,2012-08-01,0
Other,2012-09-01,0
Other,2012-10-01,0
Other,2012-11-01,0
Other,2012-12-01,0
Other,2013-01-01,0
Other,2013-02-01,0
Other,2013-03-01,0
Other,2013-04-01,0
Other,2013-05-01,2
Other,2013-06-01,0
Other,2013-07-01,0
Other,2013-08-01,0
Other,2013-09-01,0
Other,2013-10-01,2
Other,2013-11-01,0
Other,2013-12-01,0
Other,2014-01-01,0
Other,2014-02-01,0
Other,2014-03-01,0
Other,2014-04-01,0
Other,2014-05-01,0
Other,2014-06-01,5
Other,2014-07-01,0
Other,2014-08-01,3
Other,2014-09-01,1
Other,2014-10-01,3
Other,2014-11-01,0
Other,2014-12-01,0
Other,2015-01-01,0
Other,2015-02-01,2
Other,2015-03-01,0
Other,2015-04-01,0
Other,2015-05-01,1
Other,2015-06-01,1
Other,2015-07-01,1
Other,2015-08-01,0
Other,2015-09-01,1
Other,2015-10-01,1
Other,2015-11-01,0
Other,2015-12-01,0
Other,2016-01-01,0
Other,2016-02-01,0
Other,2016-03-01,0
Other,2016-04-01,0
Other,2016-05-01,0
Other,2016-06-01,0
Other,2016-07-01,0
Other,2016-08-01,0
Other,2016-09-01,0
Other,2016-10-01,1
Other,2016-11-01,0
Other,2016-12-01,0
Other,2017-01-01,0
Other,2017-02-01,0
Other,2017-03-01,0
Other,2017-04-01,0
Other,2017-05-01,0
Other,2017-06-01,0
Other,2017-07-01,0
Other,2017-08-01,0
Other,2017-09-01,0
Other,2017-10-01,1
Other,2017-11-01,0
Other,2017-12-01,0
Other,2018-01-01,0
Other,2018-02-01,0
Other,2018-03-01,0
Other,2018-04-01,0
Other,2018-05-01,0
Other,2018-06-01,0
Other,2018-07-01,0
Other,2018-08-01,0
Other,2018-09-01,0
Other,2018-10-01,0
Other,2018-11-01,0
Other,2018-12-01,0
Other,2019-01-01,0
Other,2019-02-01,0
Other,2019-03-01,0
Other,2019-04-01,0
Other,2019-05-01,0
Other,2019-06-01,0
Other,2019-07-01,3
Other,2019-08-01,0
Other,2019-09-01,0
Other,2019-10-01,0
Other,2019-11-01,0
Other,2019-12-01,0
Other,2020-01-01,0
Other,2020-02-01,0
Other,2020-03-01,0
Other,2020-04-01,0
Other,2020-05-01,0
Other,2020-06-01,0
Other,2020-07-01,0
Other,2020-08-01,0
Other,2020-09-01,2
Other,2020-10-01,0
Other,2020-11-01,0
Other,2020-12-01,0
Other,2021-01-01,0
Other,2021-02-01,0
Other,2021-03-01,0
Other,2021-04-01,0
Other,2021-05-01,0
Other,2021-06-01,0
Other,2021-07-01,0
Other,2021-08-01,0
Other,2021-09-01,0
Other,2021-10-01,0
Other,2021-11-01,0
Other,2021-12-01,0
Other,2022-01-01,0
Other,2022-02-01,0
Other,2022-03-01,0
Other,2022-04-01,0
Other,2022-05-01,1
Other,2022-06-01,1
Other,2022-07-01,0
Other,2022-08-01,2
Other,2022-09-01,0
Other,2022-10-01,0
Other,2022-11-01,6
Other,2022-12-01,0
Other,2023-01-01,1
Other,2023-02-01,0
Other,2023-03-01,0
Other,2023-04-01,0
Other,2023-05-01,0
Other,2023-06-01,3
Other,2023-07-01,0
Other,2023-08-01,0
Other,2023-09-01,0
Other,2023-10-01,0
Other,2023-11-01,0
Other,2023-12-01,1
Other,2024-01-01,0
Other,2024-02-01,0
Other,2024-03-01,0
Other,2024-04-01,0
Other,2024-05-01,0
Other,2024-06-01,0
Other,2024-07-01,0
Other,2024-08-01,0
Other,2024-09-01,2
Other,2024-10-01,0
Other,2024-11-01,0
Other,2024-12-01,0
Other,2025-01-01,0
Other,2025-02-01,0
Other,2025-03-01,0
Other,2025-04-01,0
Other,2025-05-01,0
Other,2025-06-01,0
Other,2025-07-01,0
Other,2025-08-01,0
Other,2025-09-01,0
Western African Route,2009-01-01,361
Western African Route,2009-02-01,685
Western African Route,2009-03-01,392
Western African Route,2009-04-01,0
Western African Route,2009-05-01,0
Western African Route,2009-06-01,161
Western African Route,2009-07-01,197
Western African Route,2009-08-01,14
Western African Route,2009-09-01,402
Western African Route,2009-10-01,32
Western African Route,2009-11-01,0
Western African Route,2009-12-01,0
Western African Route,2010-01-01,0
Western African Route,2010-02-01,5
Western African Route,2010-03-01,0
Western African Route,2010-04-01,10
Western African Route,2010-05-01,2
Western African Route,2010-06-01,4
Western African Route,2010-07-01,8
Western African Route,2010-08-01,20
Western African Route,2010-09-01,34
Western African Route,2010-10-01,113
Western African Route,2010-11-01,0
Western African Route,2010-12-01,0
Western African Route,2011-01-01,76
Western African Route,2011-02-01,9
Western African Route,2011-03-01,69
Western African Route,2011-04-01,0
Western African Route,2011-05-01,19
Western African Route,2011-06-01,5
Western African Route,2011-07-01,0
Western African Route,2011-08-01,50
Western African Route,2011-09-01,0
Western African Route,2011-10-01,98
Western African Route,2011-11-01,0
Western African Route,2011-12-01,14
Western African Route,2012-01-01,10
Western African Route,2012-02-01,2
Western African Route,2012-03-01,0
Western African Route,2012-04-01,4
Western African Route,2012-05-01,8
Western African Route,2012-06-01,19
Western African Route,2012-07-01,0
Western African Route,2012-08-01,17
Western African Route,2012-09-01,23
Western African Route,2012-10-01,14
Western African Route,2012-11-01,16
Western African Route,2012-12-01,61
Western African Route,2013-01-01,0
Western African Route,2013-02-01,0
Western African Route,2013-03-01,12
Western African Route,2013-04-01,22
Western African Route,2013-05-01,11
Western African Route,2013-06-01,0
Western African Route,2013-07-01,0
Western African Route,2013-08-01,28
Western African Route,2013-09-01,104
Western African Route,2013-10-01,0
Western African Route,2013-11-01,87
Western African Route,2013-12-01,19
Western African Route,2014-01-01,17
Western African Route,2014-02-01,0
Western African Route,2014-03-01,22
Western African Route,2014-04-01,25
Western African Route,2014-05-01,56
Western African Route,2014-06-01,26
Western African Route,2014-07-01,22
Western African Route,2014-08-01,7
Western African Route,2014-09-01,17
Western African Route,2014-10-01,7
Western African Route,2014-11-01,32
Western African Route,2014-12-01,45
Western African Route,2015-01-01,23
Western African Route,2015-02-01,0
Western African Route,2015-03-01,13
Western African Route,2015-04-01,3
Western African Route,2015-05-01,74
Western African Route,2015-06-01,37
Western African Route,2015-07-01,34
Western African Route,2015-08-01,32
Western African Route,2015-09-01,162
Western African Route,2015-10-01,264
Western African Route,2015-11-01,48
Western African Route,2015-12-01,184
Western African Route,2016-01-01,45
Western African Route,2016-02-01,42
Western African Route,2016-03-01,75
Western African Route,2016-04-01,2
Western African Route,2016-05-01,109
Western African Route,2016-06-01,57
Western African Route,2016-07-01,0
Western African Route,2016-08-01,64
Western African Route,2016-09-01,80
Western African Route,2016-10-01,35
Western African Route,2016-11-01,74
Western African Route,2016-12-01,88
Western African Route,2017-01-01,14
Western African Route,2017-02-01,60
Western African Route,2017-03-01,0
Western African Route,2017-04-01,39
Western African Route,2017-05-01,0
Western African Route,2017-06-01,0
Western African Route,2017-07-01,0
Western African Route,2017-08-01,20
Western African Route,2017-09-01,0
Western African Route,2017-10-01,118
Western African Route,2017-11-01,148
Western African Route,2017-12-01,22
Western African Route,2018-01-01,21
Western African Route,2018-02-01,43
Western African Route,2018-03-01,0
Western African Route,2018-04-01,45
Western African Route,2018-05-01,12
Western African Route,2018-06-01,320
Western African Route,2018-07-01,13
Western African Route,2018-08-01,66
Western African Route,2018-09-01,140
Western African Route,2018-10-01,564
Western African Route,2018-11-01,55
Western African Route,2018-12-01,44
Western African Route,2019-01-01,40
Western African Route,2019-02-01,44
Western African Route,2019-03-01,86
Western African Route,2019-04-01,64
Western African Route,2019-05-01,129
Western African Route,2019-06-01,119
Western African Route,2019-07-01,0
Western African Route,2019-08-01,151
Western African Route,2019-09-01,362
Western African Route,2019-10-01,495
Western African Route,2019-11-01,517
Western African Route,2019-12-01,711
Western African Route,2020-01-01,708
Western African Route,2020-02-01,425
Western African Route,2020-03-01,423
Western African Route,2020-04-01,329
Western African Route,2020-05-01,1650
Western African Route,2020-06-01,222
Western African Route,2020-07-01,436
Western African Route,2020-08-01,797
Western African Route,2020-09-01,2148
Western African Route,2020-10-01,5342
Western African Route,2020-11-01,8175
Western African Route,2020-12-01,3432
Western African Route,2021-01-01,2077
Western African Route,2021-02-01,264
Western African Route,2021-03-01,1095
Western African Route,2021-04-01,1251
Western African Route,2021-05-01,817
Western African Route,2021-06-01,1449
Western African Route,2021-07-01,601
Western African Route,2021-08-01,1808
Western African Route,2021-09-01,3833
Western African Route,2021-10-01,3635
Western African Route,2021-11-01,3129
Western African Route,2021-12-01,2392
Western African Route,2022-01-01,3147
Western African Route,2022-02-01,2347
Western African Route,2022-03-01,375
Western African Route,2022-04-01,648
Western African Route,2022-05-01,1650
Western African Route,2022-06-01,462
Western African Route,2022-07-01,848
Western African Route,2022-08-01,1065
Western African Route,2022-09-01,1791
Western African Route,2022-10-01,1900
Western African Route,2022-11-01,761
Western African Route,2022-12-01,469
Western African Route,2023-01-01,567
Western African Route,2023-02-01,1320
Western African Route,2023-03-01,332
Western African Route,2023-04-01,1196
Western African Route,2023-05-01,1047
Western African Route,2023-06-01,2698
Western African Route,2023-07-01,1336
Western African Route,2023-08-01,2948
Western African Route,2023-09-01,3830
Western African Route,2023-10-01,14565
Western African Route,2023-11-01,5144
Western African Route,2023-12-01,4690
Western African Route,2024-01-01,7214
Western African Route,2024-02-01,4746
Western African Route,2024-03-01,1135
Western African Route,2024-04-01,2781
Western African Route,2024-05-01,1173
Western African Route,2024-06-01,2212
Western African Route,2024-07-01,2215
Western African Route,2024-08-01,4094
Western African Route,2024-09-01,5279
Western African Route,2024-10-01,3349
Western African Route,2024-11-01,7679
Western African Route,2024-12-01,4943
Western African Route,2025-01-01,4713
Western African Route,2025-02-01,2467
Western African Route,2025-03-01,2267
Western African Route,2025-04-01,1023
Western African Route,2025-05-01,542
Western African Route,2025-06-01,388
Western African Route,2025-07-01,175
Western African Route,2025-08-01,570
Western African Route,2025-09-01,703
Western Balkan Route,2009-01-01,177
Western Balkan Route,2009-02-01,327
Western Balkan Route,2009-03-01,355
Western Balkan Route,2009-04-01,161
Western Balkan Route,2009-05-01,214
Western Balkan Route,2009-06-01,168
Western Balkan Route,2009-07-01,253
Western Balkan Route,2009-08-01,289
Western Balkan Route,2009-09-01,328
Western Balkan Route,2009-10-01,384
Western Balkan Route,2009-11-01,191
Western Balkan Route,2009-12-01,148
Western Balkan Route,2010-01-01,171
Western Balkan Route,2010-02-01,210
Western Balkan Route,2010-03-01,202
Western Balkan Route,2010-04-01,328
Western Balkan Route,2010-05-01,182
Western Balkan Route,2010-06-01,141
Western Balkan Route,2010-07-01,143
Western Balkan Route,2010-08-01,167
Western Balkan Route,2010-09-01,173
Western Balkan Route,2010-10-01,209
Western Balkan Route,2010-11-01,211
Western Balkan Route,2010-12-01,165
Western Balkan Route,2011-01-01,274
Western Balkan Route,2011-02-01,171
Western Balkan Route,2011-03-01,276
Western Balkan Route,2011-04-01,305
Western Balkan Route,2011-05-01,262
Western Balkan Route,2011-06-01,347
Western Balkan Route,2011-07-01,387
Western Balkan Route,2011-08-01,403
Western Balkan Route,2011-09-01,403
Western Balkan Route,2011-10-01,831
Western Balkan Route,2011-11-01,532
Western Balkan Route,2011-12-01,405
Western Balkan Route,2012-01-01,522
Western Balkan Route,2012-02-01,276
Western Balkan Route,2012-03-01,656
Western Balkan Route,2012-04-01,349
Western Balkan Route,2012-05-01,526
Western Balkan Route,2012-06-01,515
Western Balkan Route,2012-07-01,454
Western Balkan Route,2012-08-01,543
Western Balkan Route,2012-09-01,1028
Western Balkan Route,2012-10-01,674
Western Balkan Route,2012-11-01,412
Western Balkan Route,2012-12-01,381
Western Balkan Route,2013-01-01,531
Western Balkan Route,2013-02-01,844
Western Balkan Route,2013-03-01,1386
Western Balkan Route,2013-04-01,1794
Western Balkan Route,2013-05-01,3202
Western Balkan Route,2013-06-01,3931
Western Balkan Route,2013-07-01,2349
Western Balkan Route,2013-08-01,1221
Western Balkan Route,2013-09-01,1280
Western Balkan Route,2013-10-01,1222
Western Balkan Route,2013-11-01,1060
Western Balkan Route,2013-12-01,1106
Western Balkan Route,2014-01-01,1520
Western Balkan Route,2014-02-01,925
Western Balkan Route,2014-03-01,895
Western Balkan Route,2014-04-01,902
Western Balkan Route,2014-05-01,901
Western Balkan Route,2014-06-01,1206
Western Balkan Route,2014-07-01,1738
Western Balkan Route,2014-08-01,2436
Western Balkan Route,2014-09-01,4912
Western Balkan Route,2014-10-01,5504
Western Balkan Route,2014-11-01,9407
Western Balkan Route,2014-12-01,13009
Western Balkan Route,2015-01-01,12927
Western Balkan Route,2015-02-01,14722
Western Balkan Route,2015-03-01,5301
Western Balkan Route,2015-04-01,7016
Western Balkan Route,2015-05-01,10371
Western Balkan Route,2015-06-01,17170
Western Balkan Route,2015-07-01,35564
Western Balkan Route,2015-08-01,52973
Western Balkan Route,2015-09-01,141207
Western Balkan Route,2015-10-01,205703
Western Balkan Route,2015-11-01,163879
Western Balkan Route,2015-12-01,97200
Western Balkan Route,2016-01-01,67000
Western Balkan Route,2016-02-01,36622
Western Balkan Route,2016-03-01,5027
Western Balkan Route,2016-04-01,3937
Western Balkan Route,2016-05-01,3431
Western Balkan Route,2016-06-01,3734
Western Balkan Route,2016-07-01,2231
Western Balkan Route,2016-08-01,2072
Western Balkan Route,2016-09-01,1586
Western Balkan Route,2016-10-01,1991
Western Balkan Route,2016-11-01,1225
Western Balkan Route,2016-12-01,1405
Western Balkan Route,2017-01-01,1522
Western Balkan Route,2017-02-01,1182
Western Balkan Route,2017-03-01,800
Western Balkan Route,2017-04-01,798
Western Balkan Route,2017-05-01,611
Western Balkan Route,2017-06-01,815
Western Balkan Route,2017-07-01,1069
Western Balkan Route,2017-08-01,1504
Western Balkan Route,2017-09-01,1301
Western Balkan Route,2017-10-01,898
Western Balkan Route,2017-11-01,1071
Western Balkan Route,2017-12-01,608
Western Balkan Route,2018-01-01,520
Western Balkan Route,2018-02-01,313
Western Balkan Route,2018-03-01,423
Western Balkan Route,2018-04-01,482
Western Balkan Route,2018-05-01,478
Western Balkan Route,2018-06-01,273
Western Balkan Route,2018-07-01,392
Western Balkan Route,2018-08-01,591
Western Balkan Route,2018-09-01,596
Western Balkan Route,2018-10-01,520
Western Balkan Route,2018-11-01,637
Western Balkan Route,2018-12-01,619
Western Balkan Route,2019-01-01,653
Western Balkan Route,2019-02-01,969
Western Balkan Route,2019-03-01,1173
Western Balkan Route,2019-04-01,936
Western Balkan Route,2019-05-01,869
Western Balkan Route,2019-06-01,734
Western Balkan Route,2019-07-01,897
Western Balkan Route,2019-08-01,644
Western Balkan Route,2019-09-01,982
Western Balkan Route,2019-10-01,1002
Western Balkan Route,2019-11-01,2478
Western Balkan Route,2019-12-01,3790
Western Balkan Route,2020-01-01,2516
Western Balkan Route,2020-02-01,2071
Western Balkan Route,2020-03-01,1320
Western Balkan Route,2020-04-01,90
Western Balkan Route,2020-05-01,1203
Western Balkan Route,2020-06-01,2505
Western Balkan Route,2020-07-01,2166
Western Balkan Route,2020-08-01,1800
Western Balkan Route,2020-09-01,2537
Western Balkan Route,2020-10-01,3811
Western Balkan Route,2020-11-01,3195
Western Balkan Route,2020-12-01,3704
Western Balkan Route,2021-01-01,2304
Western Balkan Route,2021-02-01,3575
Western Balkan Route,2021-03-01,2574
Western Balkan Route,2021-04-01,3255
Western Balkan Route,2021-05-01,3445
Western Balkan Route,2021-06-01,3757
Western Balkan Route,2021-07-01,4194
Western Balkan Route,2021-08-01,6603
Western Balkan Route,2021-09-01,9566
Western Balkan Route,2021-10-01,8627
Western Balkan Route,2021-11-01,7307
Western Balkan Route,2021-12-01,6411
Western Balkan Route,2022-01-01,6021
Western Balkan Route,2022-02-01,5663
Western Balkan Route,2022-03-01,7345
Western Balkan Route,2022-04-01,9545
Western Balkan Route,2022-05-01,12596
Western Balkan Route,2022-06-01,14697
Western Balkan Route,2022-07-01,14783
Western Balkan Route,2022-08-01,16540
Western Balkan Route,2022-09-01,18877
Western Balkan Route,2022-10-01,19282
Western Balkan Route,2022-11-01,11228
Western Balkan Route,2022-12-01,7541
Western Balkan Route,2023-01-01,5023
Western Balkan Route,2023-02-01,3652
Western Balkan Route,2023-03-01,6723
Western Balkan Route,2023-04-01,7372
Western Balkan Route,2023-05-01,8483
Western Balkan Route,2023-06-01,7308
Western Balkan Route,2023-07-01,10199
Western Balkan Route,2023-08-01,14207
Western Balkan Route,2023-09-01,16642
Western Balkan Route,2023-10-01,17125
Western Balkan Route,2023-11-01,1206
Western Balkan Route,2023-12-01,1062
Western Balkan Route,2024-01-01,1927
Western Balkan Route,2024-02-01,1938
Western Balkan Route,2024-03-01,1897
Western Balkan Route,2024-04-01,1478
Western Balkan Route,2024-05-01,1849
Western Balkan Route,2024-06-01,1452
Western Balkan Route,2024-07-01,1626
Western Balkan Route,2024-08-01,2445
Western Balkan Route,2024-09-01,2477
Western Balkan Route,2024-10-01,2103
Western Balkan Route,2024-11-01,1403
Western Balkan Route,2024-12-01,930
Western Balkan Route,2025-01-01,839
Western Balkan Route,2025-02-01,639
Western Balkan Route,2025-03-01,788
Western Balkan Route,2025-04-01,1170
Western Balkan Route,2025-05-01,788
Western Balkan Route,2025-06-01,974
Western Balkan Route,2025-07-01,1413
Western Balkan Route,2025-08-01,1251
Western Balkan Route,2025-09-01,1217
Western Mediterranean Route,2009-01-01,508
Western Mediterranean Route,2009-02-01,302
Western Mediterranean Route,2009-03-01,656
Western Mediterranean Route,2009-04-01,423
Western Mediterranean Route,2009-05-01,557
Western Mediterranean Route,2009-06-01,740
Western Mediterranean Route,2009-07-01,671
Western Mediterranean Route,2009-08-01,714
Western Mediterranean Route,2009-09-01,338
Western Mediterranean Route,2009-10-01,1036
Western Mediterranean Route,2009-11-01,390
Western Mediterranean Route,2009-12-01,307
Western Mediterranean Route,2010-01-01,214
Western Mediterranean Route,2010-02-01,66
Western Mediterranean Route,2010-03-01,213
Western Mediterranean Route,2010-04-01,211
Western Mediterranean Route,2010-05-01,309
Western Mediterranean Route,2010-06-01,453
Western Mediterranean Route,2010-07-01,440
Western Mediterranean Route,2010-08-01,913
Western Mediterranean Route,2010-09-01,846
Western Mediterranean Route,2010-10-01,543
Western Mediterranean Route,2010-11-01,296
Western Mediterranean Route,2010-12-01,499
Western Mediterranean Route,2011-01-01,426
Western Mediterranean Route,2011-02-01,253
Western Mediterranean Route,2011-03-01,211
Western Mediterranean Route,2011-04-01,295
Western Mediterranean Route,2011-05-01,565
Western Mediterranean Route,2011-06-01,709
Western Mediterranean Route,2011-07-01,1473
Western Mediterranean Route,2011-08-01,1363
Western Mediterranean Route,2011-09-01,732
Western Mediterranean Route,2011-10-01,1169
Western Mediterranean Route,2011-11-01,560
Western Mediterranean Route,2011-12-01,692
Western Mediterranean Route,2012-01-01,349
Western Mediterranean Route,2012-02-01,135
Western Mediterranean Route,2012-03-01,483
Western Mediterranean Route,2012-04-01,349
Western Mediterranean Route,2012-05-01,643
Western Mediterranean Route,2012-06-01,557
Western Mediterranean Route,2012-07-01,441
Western Mediterranean Route,2012-08-01,842
Western Mediterranean Route,2012-09-01,719
Western Mediterranean Route,2012-10-01,915
Western Mediterranean Route,2012-11-01,431
Western Mediterranean Route,2012-12-01,533
Western Mediterranean Route,2013-01-01,375
Western Mediterranean Route,2013-02-01,335
Western Mediterranean Route,2013-03-01,465
Western Mediterranean Route,2013-04-01,577
Western Mediterranean Route,2013-05-01,433
Western Mediterranean Route,2013-06-01,338
Western Mediterranean Route,2013-07-01,801
Western Mediterranean Route,2013-08-01,940
Western Mediterranean Route,2013-09-01,879
Western Mediterranean Route,2013-10-01,634
Western Mediterranean Route,2013-11-01,575
Western Mediterranean Route,2013-12-01,486
Western Mediterranean Route,2014-01-01,337
Western Mediterranean Route,2014-02-01,487
Western Mediterranean Route,2014-03-01,799
Western Mediterranean Route,2014-04-01,252
Western Mediterranean Route,2014-05-01,887
Western Mediterranean Route,2014-06-01,274
Western Mediterranean Route,2014-07-01,358
Western Mediterranean Route,2014-08-01,1887
Western Mediterranean Route,2014-09-01,490
Western Mediterranean Route,2014-10-01,558
Western Mediterranean Route,2014-11-01,297
Western Mediterranean Route,2014-12-01,557
Western Mediterranean Route,2015-01-01,474
Western Mediterranean Route,2015-02-01,178
Western Mediterranean Route,2015-03-01,333
Western Mediterranean Route,2015-04-01,408
Western Mediterranean Route,2015-05-01,700
Western Mediterranean Route,2015-06-01,621
Western Mediterranean Route,2015-07-01,560
Western Mediterranean Route,2015-08-01,469
Western Mediterranean Route,2015-09-01,651
Western Mediterranean Route,2015-10-01,1209
Western Mediterranean Route,2015-11-01,727
Western Mediterranean Route,2015-12-01,674
Western Mediterranean Route,2016-01-01,675
Western Mediterranean Route,2016-02-01,289
Western Mediterranean Route,2016-03-01,444
Western Mediterranean Route,2016-04-01,533
Western Mediterranean Route,2016-05-01,561
Western Mediterranean Route,2016-06-01,900
Western Mediterranean Route,2016-07-01,554
Western Mediterranean Route,2016-08-01,1016
Western Mediterranean Route,2016-09-01,1417
Western Mediterranean Route,2016-10-01,1499
Western Mediterranean Route,2016-11-01,909
Western Mediterranean Route,2016-12-01,1193
Western Mediterranean Route,2017-01-01,1086
Western Mediterranean Route,2017-02-01,1388
Western Mediterranean Route,2017-03-01,878
Western Mediterranean Route,2017-04-01,873
Western Mediterranean Route,2017-05-01,940
Western Mediterranean Route,2017-06-01,2387
Western Mediterranean Route,2017-07-01,2170
Western Mediterranean Route,2017-08-01,2450
Western Mediterranean Route,2017-09-01,1527
Western Mediterranean Route,2017-10-01,3516
Western Mediterranean Route,2017-11-01,3802
Western Mediterranean Route,2017-12-01,2046
Western Mediterranean Route,2018-01-01,1607
Western Mediterranean Route,2018-02-01,1071
Western Mediterranean Route,2018-03-01,882
Western Mediterranean Route,2018-04-01,1196
Western Mediterranean Route,2018-05-01,3398
Western Mediterranean Route,2018-06-01,5908
Western Mediterranean Route,2018-07-01,8926
Western Mediterranean Route,2018-08-01,6775
Western Mediterranean Route,2018-09-01,7789
Western Mediterranean Route,2018-10-01,9526
Western Mediterranean Route,2018-11-01,4823
Western Mediterranean Route,2018-12-01,4344
Western Mediterranean Route,2019-01-01,4082
Western Mediterranean Route,2019-02-01,919
Western Mediterranean Route,2019-03-01,491
Western Mediterranean Route,2019-04-01,965
Western Mediterranean Route,2019-05-01,1511
Western Mediterranean Route,2019-06-01,2360
Western Mediterranean Route,2019-07-01,2867
Western Mediterranean Route,2019-08-01,2172
Western Mediterranean Route,2019-09-01,2783
Western Mediterranean Route,2019-10-01,3080
Western Mediterranean Route,2019-11-01,1220
Western Mediterranean Route,2019-12-01,1519
Western Mediterranean Route,2020-01-01,1143
Western Mediterranean Route,2020-02-01,1235
Western Mediterranean Route,2020-03-01,540
Western Mediterranean Route,2020-04-01,168
Western Mediterranean Route,2020-05-01,840
Western Mediterranean Route,2020-06-01,810
Western Mediterranean Route,2020-07-01,2048
Western Mediterranean Route,2020-08-01,2080
Western Mediterranean Route,2020-09-01,2880
Western Mediterranean Route,2020-10-01,2804
Western Mediterranean Route,2020-11-01,1812
Western Mediterranean Route,2020-12-01,1010
Western Mediterranean Route,2021-01-01,940
Western Mediterranean Route,2021-02-01,696
Western Mediterranean Route,2021-03-01,1307
Western Mediterranean Route,2021-04-01,258
Western Mediterranean Route,2021-05-01,1759
Western Mediterranean Route,2021-06-01,1179
Western Mediterranean Route,2021-07-01,2496
Western Mediterranean Route,2021-08-01,1981
Western Mediterranean Route,2021-09-01,4159
Western Mediterranean Route,2021-10-01,1937
Western Mediterranean Route,2021-11-01,433
Western Mediterranean Route,2021-12-01,1321
Western Mediterranean Route,2022-01-01,1040
Western Mediterranean Route,2022-02-01,735
Western Mediterranean Route,2022-03-01,980
Western Mediterranean Route,2022-04-01,633
Western Mediterranean Route,2022-05-01,840
Western Mediterranean Route,2022-06-01,1002
Western Mediterranean Route,2022-07-01,1716
Western Mediterranean Route,2022-08-01,1368
Western Mediterranean Route,2022-09-01,2138
Western Mediterranean Route,2022-10-01,2784
Western Mediterranean Route,2022-11-01,562
Western Mediterranean Route,2022-12-01,1336
Western Mediterranean Route,2023-01-01,698
Western Mediterranean Route,2023-02-01,560
Western Mediterranean Route,2023-03-01,850
Western Mediterranean Route,2023-04-01,1334
Western Mediterranean Route,2023-05-01,727
Western Mediterranean Route,2023-06-01,1246
Western Mediterranean Route,2023-07-01,2223
Western Mediterranean Route,2023-08-01,2747
Western Mediterranean Route,2023-09-01,1222
Western Mediterranean Route,2023-10-01,1996
Western Mediterranean Route,2023-11-01,1437
Western Mediterranean Route,2023-12-01,1837
Western Mediterranean Route,2024-01-01,813
Western Mediterranean Route,2024-02-01,1310
Western Mediterranean Route,2024-03-01,977
Western Mediterranean Route,2024-04-01,836
Western Mediterranean Route,2024-05-01,854
Western Mediterranean Route,2024-06-01,847
Western Mediterranean Route,2024-07-01,2023
Western Mediterranean Route,2024-08-01,1982
Western Mediterranean Route,2024-09-01,1620
Western Mediterranean Route,2024-10-01,1591
Western Mediterranean Route,2024-11-01,2723
Western Mediterranean Route,2024-12-01,1481
Western Mediterranean Route,2025-01-01,752
Western Mediterranean Route,2025-02-01,1237
Western Mediterranean Route,2025-03-01,656
Western Mediterranean Route,2025-04-01,802
Western Mediterranean Route,2025-05-01,1393
Western Mediterranean Route,2025-06-01,1880
Western Mediterranean Route,2025-07-01,1988
Western Mediterranean Route,2025-08-01,3156
Western Mediterranean Route,2025-09-01,2623
